WKT,nama,deskripsi
"POLYGON ((110.2924515 -7.7955028, 110.3130509 -7.8988956, 110.3789688 -7.9696231, 110.5231644 -7.9478621, 110.525911 -7.8716895, 110.4764725 -7.7873391, 110.3432633 -7.7410753, 110.2924515 -7.7955028))",DIY Yogyakarta,
