WKT,nama,deskripsi
"POLYGON ((106.647763 -6.2063624, 106.5736053 -6.3046507, 106.6669891 -6.3155704, 106.8098114 -6.3565175, 106.9691131 -6.3920023, 107.0679901 -6.32649, 107.0185516 -6.1107869, 106.9031952 -6.1080559, 106.7686126 -6.1189797, 106.6999481 -6.0807453, 106.647763 -6.2063624))",Kota DKI Jakarta,
