WKT,nama,deskripsi
"POLYGON ((106.7497547 -6.288838, 106.720229 -6.3700507, 106.6804035 -6.4164523, 106.623412 -6.4389691, 106.6240986 -6.4737659, 106.7161091 -6.4860466, 106.79576 -6.5065137, 106.880904 -6.498327, 106.8905171 -6.406217, 106.8754109 -6.309313, 106.7497547 -6.288838))",Kota Administrasi Depok, Jawa Barat,
